{
  "task_name": "heat1d",
  "dtype": "fp64",
  "seed": 2,
  "alpha": 0.1,
  "hid_size": 64,
  "num_layers": 4,
  "n_collocation": 5000,
  "n_ic": 500,
  "n_bc": 500,
  "adam_steps": 8000,
  "lbfgs_steps": 500,
  "final_loss": 1.985004664197959e-06,
  "final_l2_error": 0.0002769395990441863,
  "time_sec": 165.3905792236328,
  "log_dir": "/kaggle/working/runs/heat1d_fp64_2"
}