{
  "task_name": "burgers1d",
  "dtype": "fp32",
  "seed": 1,
  "alpha": 0.1,
  "hid_size": 64,
  "num_layers": 4,
  "n_collocation": 5000,
  "n_ic": 500,
  "n_bc": 500,
  "adam_steps": 8000,
  "lbfgs_steps": 500,
  "final_loss": 1.743103530316148e-05,
  "final_l2_error": 0.02347792126238346,
  "time_sec": 101.70374464988708,
  "log_dir": "/kaggle/working/runs/burgers1d_nu_0p1_fp32_1",
  "nu": 0.1
}