{
  "task_name": "burgers1d",
  "dtype": "fp32",
  "seed": 1,
  "alpha": 0.0001,
  "hid_size": 96,
  "num_layers": 5,
  "n_collocation": 10000,
  "n_ic": 800,
  "n_bc": 800,
  "adam_steps": 12000,
  "lbfgs_steps": 1200,
  "final_loss": 0.06528069823980331,
  "final_l2_error": 0.3912387192249298,
  "time_sec": 245.80210518836975,
  "log_dir": "/kaggle/working/runs/burgers_hard_nu_0p0001_fp32_1",
  "nu": 0.0001
}