{
  "task_name": "burgers1d",
  "dtype": "fp32",
  "seed": 0,
  "alpha": 0.01,
  "hid_size": 64,
  "num_layers": 4,
  "n_collocation": 5000,
  "n_ic": 500,
  "n_bc": 500,
  "adam_steps": 8000,
  "lbfgs_steps": 500,
  "final_loss": 3.7531099223997444e-05,
  "final_l2_error": 0.049333274364471436,
  "time_sec": 100.15361976623535,
  "log_dir": "/kaggle/working/runs/burgers1d_nu_0p01_fp32_0",
  "nu": 0.01
}