{
  "task_name": "burgers1d",
  "dtype": "fp64",
  "seed": 0,
  "alpha": 0.01,
  "hid_size": 96,
  "num_layers": 5,
  "n_collocation": 10000,
  "n_ic": 800,
  "n_bc": 800,
  "adam_steps": 12000,
  "lbfgs_steps": 1200,
  "final_loss": 8.6067637857734e-06,
  "final_l2_error": 0.04940337309577198,
  "time_sec": 1365.7760696411133,
  "log_dir": "/kaggle/working/runs/burgers_hard_nu_0p01_fp64_0",
  "nu": 0.01
}