{
  "task_name": "burgers1d",
  "dtype": "fp64",
  "seed": 0,
  "alpha": 0.001,
  "hid_size": 64,
  "num_layers": 4,
  "n_collocation": 5000,
  "n_ic": 500,
  "n_bc": 500,
  "adam_steps": 8000,
  "lbfgs_steps": 500,
  "final_loss": 0.06969039146285373,
  "final_l2_error": 0.39531601318571635,
  "time_sec": 172.61169624328613,
  "log_dir": "/kaggle/working/runs/burgers1d_nu_0p001_fp64_0",
  "nu": 0.001
}