{
  "task_name": "burgers1d",
  "dtype": "fp64",
  "seed": 1,
  "alpha": 0.0002,
  "hid_size": 96,
  "num_layers": 5,
  "n_collocation": 10000,
  "n_ic": 800,
  "n_bc": 800,
  "adam_steps": 12000,
  "lbfgs_steps": 1200,
  "final_loss": 0.07105752824849883,
  "final_l2_error": 0.4051140724926518,
  "time_sec": 1365.6750845909119,
  "log_dir": "/kaggle/working/runs/burgers_hard_nu_0p0002_fp64_1",
  "nu": 0.0002
}