{
  "task_name": "helmholtz1d",
  "dtype": "fp64",
  "seed": 1,
  "alpha": {
    "m": 10,
    "lambda_val": 1.0
  },
  "hid_size": 128,
  "num_layers": 4,
  "n_collocation": 5000,
  "n_ic": 0,
  "n_bc": 2,
  "adam_steps": 10000,
  "lbfgs_steps": 1000,
  "resample_every": 200,
  "final_loss": 1.2296393745746106e-06,
  "final_l2_error": 0.0039794479330183055,
  "time_sec": 159.37508082389832,
  "log_dir": "runs/helmholtz_rs_m10_fp64_1",
  "m": 10,
  "lambda_val": 1.0
}