{
  "task_name": "heat1d",
  "dtype": "fp64",
  "seed": 1,
  "alpha": 0.1,
  "hid_size": 64,
  "num_layers": 4,
  "n_collocation": 5000,
  "n_ic": 500,
  "n_bc": 500,
  "adam_steps": 8000,
  "lbfgs_steps": 500,
  "final_loss": 3.050856411033388e-06,
  "final_l2_error": 0.00031067382397749623,
  "time_sec": 165.2625916004181,
  "log_dir": "/kaggle/working/runs/heat1d_fp64_1"
}