{
  "task_name": "burgers1d",
  "dtype": "fp64",
  "seed": 0,
  "alpha": 0.1,
  "hid_size": 64,
  "num_layers": 4,
  "n_collocation": 5000,
  "n_ic": 500,
  "n_bc": 500,
  "adam_steps": 8000,
  "lbfgs_steps": 500,
  "final_loss": 1.109635292365517e-05,
  "final_l2_error": 0.023810158892002505,
  "time_sec": 173.9173378944397,
  "log_dir": "/kaggle/working/runs/burgers1d_nu_0p1_fp64_0",
  "nu": 0.1
}