{
  "task_name": "helmholtz1d",
  "dtype": "fp32",
  "seed": 1,
  "alpha": {
    "m": 8,
    "lambda_val": 1.0
  },
  "hid_size": 128,
  "num_layers": 4,
  "n_collocation": 5000,
  "n_ic": 0,
  "n_bc": 2,
  "adam_steps": 10000,
  "lbfgs_steps": 800,
  "final_loss": 0.00025284651201218367,
  "final_l2_error": 0.07091744244098663,
  "time_sec": 147.61187934875488,
  "log_dir": "runs/helmholtz_m8_fp32_1",
  "m": 8,
  "lambda_val": 1.0
}