{
  "task_name": "helmholtz1d",
  "dtype": "fp64",
  "seed": 1,
  "alpha": {
    "m": 5,
    "lambda_val": 1.0
  },
  "hid_size": 128,
  "num_layers": 4,
  "n_collocation": 5000,
  "n_ic": 0,
  "n_bc": 2,
  "adam_steps": 10000,
  "lbfgs_steps": 800,
  "final_loss": 3.7065791590529045e-06,
  "final_l2_error": 0.00045236363634100024,
  "time_sec": 144.8354365825653,
  "log_dir": "runs/helmholtz_m5_fp64_1",
  "m": 5,
  "lambda_val": 1.0
}