{
  "task_name": "heat1d",
  "dtype": "fp32",
  "seed": 2,
  "alpha": 0.1,
  "hid_size": 64,
  "num_layers": 4,
  "n_collocation": 5000,
  "n_ic": 500,
  "n_bc": 500,
  "adam_steps": 8000,
  "lbfgs_steps": 500,
  "final_loss": 7.952358828333672e-06,
  "final_l2_error": 0.0005986809264868498,
  "time_sec": 83.86953020095825,
  "log_dir": "/kaggle/working/runs/heat1d_fp32_2"
}