{
  "task_name": "helmholtz1d",
  "dtype": "fp64",
  "seed": 0,
  "alpha": {
    "m": 10,
    "lambda_val": 1.0
  },
  "hid_size": 128,
  "num_layers": 4,
  "n_collocation": 5000,
  "n_ic": 0,
  "n_bc": 2,
  "adam_steps": 10000,
  "lbfgs_steps": 800,
  "final_loss": 0.007516500205363761,
  "final_l2_error": 1.1331122282187611,
  "time_sec": 146.29603171348572,
  "log_dir": "runs/helmholtz_m10_fp64_0",
  "m": 10,
  "lambda_val": 1.0
}