{
  "task_name": "burgers1d",
  "dtype": "fp64",
  "seed": 1,
  "alpha": 0.001,
  "hid_size": 64,
  "num_layers": 4,
  "n_collocation": 5000,
  "n_ic": 500,
  "n_bc": 500,
  "adam_steps": 8000,
  "lbfgs_steps": 500,
  "final_loss": 0.5091516884305871,
  "final_l2_error": 1.0000009597072774,
  "time_sec": 170.02357244491577,
  "log_dir": "/kaggle/working/runs/burgers1d_nu_0p001_fp64_1",
  "nu": 0.001
}