{
  "task_name": "burgers1d",
  "dtype": "fp32",
  "seed": 0,
  "alpha": 0.001,
  "hid_size": 64,
  "num_layers": 4,
  "n_collocation": 5000,
  "n_ic": 500,
  "n_bc": 500,
  "adam_steps": 8000,
  "lbfgs_steps": 500,
  "final_loss": 0.03837183862924576,
  "final_l2_error": 0.3161875009536743,
  "time_sec": 101.54232215881348,
  "log_dir": "/kaggle/working/runs/burgers1d_nu_0p001_fp32_0",
  "nu": 0.001
}