{
  "task_name": "helmholtz1d",
  "dtype": "fp32",
  "seed": 1,
  "alpha": {
    "m": 10,
    "lambda_val": 1.0
  },
  "hid_size": 128,
  "num_layers": 4,
  "n_collocation": 5000,
  "n_ic": 0,
  "n_bc": 2,
  "adam_steps": 10000,
  "lbfgs_steps": 1000,
  "resample_every": 200,
  "final_loss": 1.3834934406986577e-06,
  "final_l2_error": 0.0034589010756462812,
  "time_sec": 171.23013138771057,
  "log_dir": "runs/helmholtz_rs_m10_fp32_1",
  "m": 10,
  "lambda_val": 1.0
}