{
  "task_name": "burgers1d",
  "dtype": "fp32",
  "seed": 1,
  "alpha": 0.002,
  "hid_size": 96,
  "num_layers": 5,
  "n_collocation": 10000,
  "n_ic": 800,
  "n_bc": 800,
  "adam_steps": 12000,
  "lbfgs_steps": 1200,
  "final_loss": 7.553109753644094e-05,
  "final_l2_error": 0.049880336970090866,
  "time_sec": 242.71392011642456,
  "log_dir": "/kaggle/working/runs/burgers_hard_nu_0p002_fp32_1",
  "nu": 0.002
}