{
  "task_name": "burgers1d",
  "dtype": "fp64",
  "seed": 0,
  "alpha": 0.005,
  "hid_size": 96,
  "num_layers": 5,
  "n_collocation": 10000,
  "n_ic": 800,
  "n_bc": 800,
  "adam_steps": 12000,
  "lbfgs_steps": 1200,
  "final_loss": 1.957794799870893e-05,
  "final_l2_error": 0.0521030661736945,
  "time_sec": 1367.5613551139832,
  "log_dir": "/kaggle/working/runs/burgers_hard_nu_0p005_fp64_0",
  "nu": 0.005
}