{
  "task_name": "burgers1d",
  "dtype": "fp64",
  "seed": 0,
  "alpha": 0.002,
  "hid_size": 96,
  "num_layers": 5,
  "n_collocation": 10000,
  "n_ic": 800,
  "n_bc": 800,
  "adam_steps": 12000,
  "lbfgs_steps": 1200,
  "final_loss": 4.594225446000974e+18,
  "final_l2_error": 10073953017.47354,
  "time_sec": 1366.4854991436005,
  "log_dir": "/kaggle/working/runs/burgers_hard_nu_0p002_fp64_0",
  "nu": 0.002
}