{
  "task_name": "burgers1d",
  "dtype": "fp32",
  "seed": 0,
  "alpha": 0.0005,
  "hid_size": 96,
  "num_layers": 5,
  "n_collocation": 10000,
  "n_ic": 800,
  "n_bc": 800,
  "adam_steps": 12000,
  "lbfgs_steps": 1200,
  "final_loss": 1.0402432011486416e+21,
  "final_l2_error": 63256514560.0,
  "time_sec": 249.06929564476013,
  "log_dir": "/kaggle/working/runs/burgers_hard_nu_0p0005_fp32_0",
  "nu": 0.0005
}