{
  "task_name": "heat1d",
  "dtype": "fp64",
  "seed": 0,
  "alpha": 0.1,
  "hid_size": 64,
  "num_layers": 4,
  "n_collocation": 5000,
  "n_ic": 500,
  "n_bc": 500,
  "adam_steps": 8000,
  "lbfgs_steps": 500,
  "final_loss": 7.1802057297391584e-06,
  "final_l2_error": 0.0008299220745667345,
  "time_sec": 162.50252771377563,
  "log_dir": "/kaggle/working/runs/heat1d_fp64_0"
}