{
  "task_name": "helmholtz1d",
  "dtype": "fp64",
  "seed": 1,
  "alpha": {
    "m": 12,
    "lambda_val": 1.0
  },
  "hid_size": 128,
  "num_layers": 4,
  "n_collocation": 5000,
  "n_ic": 0,
  "n_bc": 2,
  "adam_steps": 10000,
  "lbfgs_steps": 800,
  "final_loss": 0.006505621013226234,
  "final_l2_error": 3.3034880648171168,
  "time_sec": 147.3029432296753,
  "log_dir": "runs/helmholtz_m12_fp64_1",
  "m": 12,
  "lambda_val": 1.0
}