{
  "task_name": "burgers1d",
  "dtype": "fp32",
  "seed": 0,
  "alpha": 0.01,
  "hid_size": 96,
  "num_layers": 5,
  "n_collocation": 10000,
  "n_ic": 800,
  "n_bc": 800,
  "adam_steps": 12000,
  "lbfgs_steps": 1200,
  "final_loss": 1.224921925313538e-05,
  "final_l2_error": 0.04925858601927757,
  "time_sec": 242.47684001922607,
  "log_dir": "/kaggle/working/runs/burgers_hard_nu_0p01_fp32_0",
  "nu": 0.01
}