{
  "task_name": "helmholtz1d",
  "dtype": "fp32",
  "seed": 1,
  "alpha": {
    "m": 10,
    "lambda_val": 1.0
  },
  "hid_size": 128,
  "num_layers": 4,
  "n_collocation": 5000,
  "n_ic": 0,
  "n_bc": 2,
  "adam_steps": 10000,
  "lbfgs_steps": 800,
  "final_loss": 0.004761156626045704,
  "final_l2_error": 0.5190091133117676,
  "time_sec": 146.9917688369751,
  "log_dir": "runs/helmholtz_m10_fp32_1",
  "m": 10,
  "lambda_val": 1.0
}