{
  "task_name": "burgers1d",
  "dtype": "fp64",
  "seed": 1,
  "alpha": 0.01,
  "hid_size": 96,
  "num_layers": 5,
  "n_collocation": 10000,
  "n_ic": 800,
  "n_bc": 800,
  "adam_steps": 12000,
  "lbfgs_steps": 1200,
  "final_loss": 8.383181768953012e-06,
  "final_l2_error": 0.049424475248853045,
  "time_sec": 1365.9875934123993,
  "log_dir": "/kaggle/working/runs/burgers_hard_nu_0p01_fp64_1",
  "nu": 0.01
}