{
  "task_name": "burgers1d",
  "dtype": "fp32",
  "seed": 1,
  "alpha": 0.005,
  "hid_size": 96,
  "num_layers": 5,
  "n_collocation": 10000,
  "n_ic": 800,
  "n_bc": 800,
  "adam_steps": 12000,
  "lbfgs_steps": 1200,
  "final_loss": 2.3176251488621347e-05,
  "final_l2_error": 0.05198660120368004,
  "time_sec": 236.67048931121826,
  "log_dir": "/kaggle/working/runs/burgers_hard_nu_0p005_fp32_1",
  "nu": 0.005
}