{
  "task_name": "burgers1d",
  "dtype": "fp32",
  "seed": 1,
  "alpha": 0.001,
  "hid_size": 64,
  "num_layers": 4,
  "n_collocation": 5000,
  "n_ic": 500,
  "n_bc": 500,
  "adam_steps": 8000,
  "lbfgs_steps": 500,
  "final_loss": 0.02388397976756096,
  "final_l2_error": 0.2301674783229828,
  "time_sec": 100.11210179328918,
  "log_dir": "/kaggle/working/runs/burgers1d_nu_0p001_fp32_1",
  "nu": 0.001
}