{
  "task_name": "burgers1d",
  "dtype": "fp64",
  "seed": 2,
  "alpha": 0.1,
  "hid_size": 64,
  "num_layers": 4,
  "n_collocation": 5000,
  "n_ic": 500,
  "n_bc": 500,
  "adam_steps": 8000,
  "lbfgs_steps": 500,
  "final_loss": 6.875689717173589e-06,
  "final_l2_error": 0.023820021199874964,
  "time_sec": 172.97461414337158,
  "log_dir": "/kaggle/working/runs/burgers1d_nu_0p1_fp64_2",
  "nu": 0.1
}