{
  "task_name": "helmholtz1d",
  "dtype": "fp64",
  "seed": 1,
  "alpha": {
    "m": 12,
    "lambda_val": 1.0
  },
  "hid_size": 128,
  "num_layers": 4,
  "n_collocation": 5000,
  "n_ic": 0,
  "n_bc": 2,
  "adam_steps": 10000,
  "lbfgs_steps": 1000,
  "resample_every": 200,
  "final_loss": 3.6796629645012426e-07,
  "final_l2_error": 0.0010292677215371928,
  "time_sec": 161.41834259033203,
  "log_dir": "runs/helmholtz_rs_m12_fp64_1",
  "m": 12,
  "lambda_val": 1.0
}