{
  "task_name": "burgers1d",
  "dtype": "fp64",
  "seed": 2,
  "alpha": 0.001,
  "hid_size": 64,
  "num_layers": 4,
  "n_collocation": 5000,
  "n_ic": 500,
  "n_bc": 500,
  "adam_steps": 8000,
  "lbfgs_steps": 500,
  "final_loss": 0.06169180834251417,
  "final_l2_error": 0.39521897581996523,
  "time_sec": 171.7975766658783,
  "log_dir": "/kaggle/working/runs/burgers1d_nu_0p001_fp64_2",
  "nu": 0.001
}