{
  "task_name": "burgers1d",
  "dtype": "fp32",
  "seed": 0,
  "alpha": 0.0002,
  "hid_size": 96,
  "num_layers": 5,
  "n_collocation": 10000,
  "n_ic": 800,
  "n_bc": 800,
  "adam_steps": 12000,
  "lbfgs_steps": 1200,
  "final_loss": 0.06848905235528946,
  "final_l2_error": 0.4087599515914917,
  "time_sec": 247.31963109970093,
  "log_dir": "/kaggle/working/runs/burgers_hard_nu_0p0002_fp32_0",
  "nu": 0.0002
}