{
  "task_name": "burgers1d",
  "dtype": "fp32",
  "seed": 2,
  "alpha": 0.01,
  "hid_size": 64,
  "num_layers": 4,
  "n_collocation": 5000,
  "n_ic": 500,
  "n_bc": 500,
  "adam_steps": 8000,
  "lbfgs_steps": 500,
  "final_loss": 3.11516341753304e-05,
  "final_l2_error": 0.049273062497377396,
  "time_sec": 98.92491126060486,
  "log_dir": "/kaggle/working/runs/burgers1d_nu_0p01_fp32_2",
  "nu": 0.01
}