{
  "task_name": "burgers1d",
  "dtype": "fp32",
  "seed": 0,
  "alpha": 0.005,
  "hid_size": 96,
  "num_layers": 5,
  "n_collocation": 10000,
  "n_ic": 800,
  "n_bc": 800,
  "adam_steps": 12000,
  "lbfgs_steps": 1200,
  "final_loss": 1.781400897016283e-05,
  "final_l2_error": 0.05212068557739258,
  "time_sec": 236.91556549072266,
  "log_dir": "/kaggle/working/runs/burgers_hard_nu_0p005_fp32_0",
  "nu": 0.005
}